Device: USB-2408-2AO,,
Serial Number: 1C3CD25,,
Channel Count: 1,,
Sample Count: 11343,,
Start Time: 2/5/2020 11:01:34.363 AM,,
Scan Rate: 1000,,
Sample,Time (s),AI4 (mV)
0,0,0.60142949
1,0.001,0.6018579
2,0.002,0.60188584
3,0.003,0.60038641
4,0.004,0.60180202
5,0.005,0.60057268
6,0.006,0.60266815
7,0.007,0.60139224
8,0.008,0.60176477
9,0.009,0.60099177
10,0.01,0.6026309
11,0.011,0.60228631
12,0.012,0.60110353
13,0.013,0.60116872
14,0.014,0.60179271
15,0.015,0.60159713
16,0.016,0.60146675
17,0.017,0.60196035
18,0.018,0.60113147
19,0.019,0.60196035
20,0.02,0.6031245
21,0.021,0.60236081
22,0.022,0.60186721
23,0.023,0.60232356
24,0.024,0.60232356
25,0.025,0.60123391
26,0.026,0.60139224
27,0.027,0.60124323
28,0.028,0.60198829
29,0.029,0.60311519
30,0.03,0.59984624
31,0.031,0.60142018
32,0.032,0.60128048
33,0.033,0.6005913
34,0.034,0.600731
35,0.035,0.60274266
36,0.036,0.60080551
37,0.037,0.59898943
38,0.038,0.60127117
39,0.039,0.59934333
40,0.04,0.60202554
41,0.041,0.60158782
42,0.042,0.60027465
43,0.043,0.60046092
44,0.044,0.60077757
45,0.045,0.60086139
46,0.046,0.6005913
47,0.047,0.60109422
48,0.048,0.60053542
49,0.049,0.60197897
50,0.05,0.60187653
51,0.051,0.60126185
52,0.052,0.60014427
53,0.053,0.60129911
54,0.054,0.60090795
55,0.055,0.60243532
56,0.056,0.60029328
57,0.057,0.60005113
58,0.058,0.60079619
59,0.059,0.60072169
60,0.06,0.60031191
61,0.061,0.60080551
62,0.062,0.60128979
63,0.063,0.60210004
64,0.064,0.60151331
65,0.065,0.60111284
66,0.066,0.59979968
67,0.067,0.59929676
68,0.068,0.60159713
69,0.069,0.60176477
70,0.07,0.60140155
71,0.071,0.59993006
72,0.072,0.59964135
73,0.073,0.59992075
74,0.074,0.60113147
75,0.075,0.59967861
76,0.076,0.60001388
77,0.077,0.59977174
78,0.078,0.59968792
79,0.079,0.60133636
80,0.08,0.60089864
81,0.081,0.5997438
82,0.082,0.60012564
83,0.083,0.60043298
84,0.084,0.60062855
85,0.085,0.5996041
86,0.086,0.59940852
87,0.087,0.60110353
88,0.088,0.60074031
89,0.089,0.59987418
90,0.09,0.60066581
91,0.091,0.59950165
92,0.092,0.60144812
93,0.093,0.60020015
94,0.094,0.60021877
95,0.095,0.60098246
96,0.096,0.59930608
97,0.097,0.5998835
98,0.098,0.59965998
99,0.099,0.59937127
100,0.1,0.60036778
101,0.101,0.60027465
102,0.102,0.60057268
103,0.103,0.6000232
104,0.104,0.59835613
105,0.105,0.59965998
106,0.106,0.59914775
107,0.107,0.60173683
108,0.108,0.60024671
109,0.109,0.59952028
110,0.11,0.60052611
111,0.111,0.60029328
112,0.112,0.5989708
113,0.113,0.60056336
114,0.114,0.60054474
115,0.115,0.60205348
116,0.116,0.60028397
117,0.117,0.60074031
118,0.118,0.60039572
119,0.119,0.59991144
120,0.12,0.5998183
121,0.121,0.59939921
122,0.122,0.60047023
123,0.123,0.60132705
124,0.124,0.59959479
125,0.125,0.60080551
126,0.126,0.59962273
127,0.127,0.59991144
128,0.128,0.60133636
129,0.129,0.59900805
130,0.13,0.60052611
131,0.131,0.59891492
132,0.132,0.59996732
133,0.133,0.59993938
134,0.134,0.60107559
135,0.135,0.60129911
136,0.136,0.59791841
137,0.137,0.9614788
138,0.138,2.35811807
139,0.139,3.32125463
140,0.14,3.99615616
141,0.141,4.98503447
142,0.142,6.04880042
143,0.143,7.13432208
144,0.144,8.28511082
145,0.145,9.28797759
146,0.146,10.13990492
147,0.147,10.98485664
148,0.148,11.76330261
149,0.149,12.24309206
150,0.15,12.45655119
151,0.151,12.39643432
152,0.152,12.13889569
153,0.153,11.78888604
154,0.154,11.48055308
155,0.155,11.14705577
156,0.156,10.75500622
157,0.157,10.11654735
158,0.158,9.00593586
159,0.159,7.86855817
160,0.16,6.79933466
161,0.161,5.68044372
162,0.162,4.52128239
163,0.163,3.41102481
164,0.164,2.36080959
165,0.165,1.48454681
166,0.166,0.64855441
167,0.167,-0.17115846
168,0.168,-0.97925775
169,0.169,-1.67847611
170,0.17,-2.24123709
171,0.171,-2.70688906
172,0.172,-3.17336991
173,0.173,-3.5932567
174,0.174,-3.98825854
175,0.175,-4.34149988
176,0.176,-4.52826731
177,0.177,-4.55865636
178,0.178,-4.37770039
179,0.179,-4.11423855
180,0.18,-3.69258225
181,0.181,-3.30332667
182,0.182,-2.92559154
183,0.183,-2.52440572
184,0.184,-2.09853984
185,0.185,-1.59330666
186,0.186,-0.97655691
187,0.187,-0.34020282
188,0.188,0.2577249
189,0.189,0.81066042
190,0.19,1.25679187
191,0.191,1.67195685
192,0.192,2.14546919
193,0.193,2.70144083
194,0.194,3.21712345
195,0.195,3.61306593
196,0.196,3.91514972
197,0.197,4.11325134
198,0.198,4.26594168
199,0.199,4.32889909
200,0.2,4.30379063
201,0.201,4.19531949
202,0.202,3.98480333
203,0.203,3.67366709
204,0.204,3.33993696
205,0.205,2.98993662
206,0.206,2.61400826
207,0.207,2.20248476
208,0.208,1.78175047
209,0.209,1.34143047
210,0.21,0.90244226
211,0.211,0.48545189
212,0.212,0.08846633
213,0.213,-0.26521273
214,0.214,-0.55451877
215,0.215,-0.7627625
216,0.216,-0.88648871
217,0.217,-1.0435842
218,0.218,-1.3238471
219,0.219,-1.59692951
220,0.22,-1.71575695
221,0.221,-1.79765746
222,0.222,-1.82816759
223,0.223,-1.78182498
224,0.224,-1.73063949
225,0.225,-1.62781216
226,0.226,-1.46958977
227,0.227,-1.28033571
228,0.228,-1.08109787
229,0.229,-0.85812062
230,0.23,-0.63261949
231,0.231,-0.39751641
232,0.232,-0.13405457
233,0.233,0.13192184
234,0.234,0.41800551
235,0.235,0.67739747
236,0.236,0.89949928
237,0.237,1.06094405
238,0.238,1.20401382
239,0.239,1.4025066
240,0.24,1.67892314
241,0.241,1.97485089
242,0.242,2.23584473
243,0.243,2.43728049
244,0.244,2.57425942
245,0.245,2.64376402
246,0.246,2.62369402
247,0.247,2.58522108
248,0.248,2.51457095
249,0.249,2.43258663
250,0.25,2.32888386
251,0.251,2.19081528
252,0.252,2.01930292
253,0.253,1.82333402
254,0.254,1.62987038
255,0.255,1.44445337
256,0.256,1.27284788
257,0.257,1.09295361
258,0.258,0.90809539
259,0.259,0.70784241
260,0.26,0.51360577
261,0.261,0.34442171
262,0.262,0.19742176
263,0.263,0.07800758
264,0.264,-0.03416091
265,0.265,-0.14743768
266,0.266,-0.24761073
267,0.267,-0.31543896
268,0.268,-0.33347867
269,0.269,-0.31425618
270,0.27,-0.27890317
271,0.271,-0.25856309
272,0.272,-0.28993003
273,0.273,-0.32889657
274,0.274,-0.32340176
275,0.275,-0.256598
276,0.276,-0.14658086
277,0.277,-0.04329719
278,0.278,0.0410527
279,0.279,0.10262243
280,0.28,0.17290004
281,0.281,0.26168302
282,0.282,0.36082231
283,0.283,0.45519322
284,0.284,0.51748939
285,0.285,0.5451031
286,0.286,0.55713579
287,0.287,0.61942264
288,0.288,0.77942386
289,0.289,0.99128112
290,0.29,1.16450712
291,0.291,1.26773492
292,0.292,1.31992623
293,0.293,1.34693459
294,0.294,1.37946568
295,0.295,1.42896548
296,0.296,1.47441402
297,0.297,1.49222091
298,0.298,1.4660228
299,0.299,1.4049001
300,0.3,1.34949572
301,0.301,1.30009837
302,0.302,1.24157406
303,0.303,1.16823241
304,0.304,1.06181018
305,0.305,0.94856136
306,0.306,0.84249303
307,0.307,0.74503943
308,0.308,0.65165572
309,0.309,0.56536868
310,0.31,0.48008747
311,0.311,0.39930455
312,0.312,0.31958334
313,0.313,0.25116839
314,0.314,0.19419938
315,0.315,0.16166829
316,0.316,0.13819896
317,0.317,0.12755394
318,0.318,0.11989847
319,0.319,0.11853874
320,0.32,0.12831762
321,0.321,0.14084391
322,0.322,0.14709309
323,0.323,0.14399178
324,0.324,0.13493933
325,0.325,0.13349578
326,0.326,0.13592653
327,0.327,0.18645078
328,0.328,0.2881512
329,0.329,0.38852915
330,0.33,0.46245754
331,0.331,0.51554292
332,0.332,0.55747107
333,0.333,0.60169958
334,0.334,0.6576255
335,0.335,0.72187744
336,0.336,0.77308156
337,0.337,0.8134637
338,0.338,0.83641149
339,0.339,0.84133819
340,0.34,0.84193423
341,0.341,0.84770843
342,0.342,0.86202286
343,0.343,0.87901019
344,0.344,0.88511966
345,0.345,0.87593682
346,0.346,0.85216016
347,0.347,0.81824139
348,0.348,0.78620389
349,0.349,0.75739808
350,0.35,0.72957017
351,0.351,0.70898794
352,0.352,0.69481321
353,0.353,0.67528337
354,0.354,0.64442866
355,0.355,0.61270781
356,0.356,0.57799742
357,0.357,0.54901466
358,0.358,0.52678399
359,0.359,0.5131308
360,0.36,0.50283968
361,0.361,0.48928894
362,0.362,0.47711655
363,0.363,0.46605244
364,0.364,0.45998953
365,0.365,0.46000816
366,0.366,0.46157278
367,0.367,0.46777539
368,0.368,0.47305599
369,0.369,0.47681853
370,0.37,0.48302114
371,0.371,0.49527735
372,0.372,0.50951727
373,0.373,0.52474439
374,0.374,0.53768978
375,0.375,0.5537644
376,0.376,0.57803467
377,0.377,0.6069243
378,0.378,0.63550659
379,0.379,0.65820292
380,0.38,0.6743148
381,0.381,0.68824738
382,0.382,0.70331618
383,0.383,0.71749091
384,0.384,0.72903931
385,0.385,0.73178671
386,0.386,0.73284842
387,0.387,0.73011965
388,0.388,0.72806142
389,0.389,0.72984956
390,0.39,0.73324889
391,0.391,0.73856674
392,0.392,0.73401257
393,0.393,0.72567724
394,0.394,0.70870854
395,0.395,0.69486909
396,0.396,0.6828364
397,0.397,0.6677676
398,0.398,0.65110624
399,0.399,0.63417479
400,0.4,0.61913393
401,0.401,0.60659833
402,0.402,0.59328042
403,0.403,0.57950616
404,0.404,0.56447461
405,0.405,0.54920092
406,0.406,0.53614378
407,0.407,0.5237665
408,0.408,0.51259063
409,0.409,0.50563365
410,0.41,0.50486065
411,0.411,0.50168484
412,0.412,0.50682575
413,0.413,0.50913543
414,0.414,0.51605515
415,0.415,0.52300282
416,0.416,0.53015538
417,0.417,0.54203905
418,0.418,0.55399723
419,0.419,0.56852587
420,0.42,0.58207661
421,0.421,0.59496611
422,0.422,0.60633756
423,0.423,0.61913393
424,0.424,0.62782317
425,0.425,0.6346032
426,0.426,0.64466149
427,0.427,0.65476634
428,0.428,0.66753477
429,0.429,0.67534856
430,0.43,0.68230554
431,0.431,0.68554655
432,0.432,0.68784691
433,0.433,0.68788417
434,0.434,0.68608671
435,0.435,0.68394467
436,0.436,0.68042427
437,0.437,0.67170709
438,0.438,0.66827983
439,0.439,0.66557899
440,0.44,0.66465698
441,0.441,0.66250563
442,0.442,0.66061504
443,0.443,0.65528788
444,0.444,0.65173022
445,0.445,0.65039843
446,0.446,0.64504333
447,0.447,0.63788146
448,0.448,0.62679872
449,0.449,0.61089173
450,0.45,0.59868209
451,0.451,0.58545731
452,0.452,0.57720579
453,0.453,0.57391822
454,0.454,0.57052821
455,0.455,0.56727789
456,0.456,0.56500547
457,0.457,0.56088902
458,0.458,0.55826269
459,0.459,0.55789948
460,0.46,0.56201592
461,0.461,0.56331977
462,0.462,0.56717545
463,0.463,0.56737103
464,0.464,0.56986697
465,0.465,0.57267025
466,0.466,0.57682395
467,0.467,0.57976693
468,0.468,0.58396719
469,0.469,0.58807433
470,0.47,0.5915761
471,0.471,0.59641898
472,0.472,0.60144812
473,0.473,0.60341321
474,0.474,0.60233288
475,0.475,0.60379505
476,0.476,0.60943887
477,0.477,0.61324798
478,0.478,0.62049367
479,0.479,0.62342733
480,0.48,0.62765554
481,0.481,0.62702224
482,0.482,0.62809326
483,0.483,0.62922947
484,0.484,0.63255429
485,0.485,0.6310828
486,0.486,0.62944368
487,0.487,0.62384643
488,0.488,0.62163919
489,0.489,0.61823986
490,0.49,0.61724335
491,0.491,0.62183477
492,0.492,0.62293373
493,0.493,0.62619336
494,0.494,0.62746927
495,0.495,0.62588602
496,0.496,0.62498264
497,0.497,0.62208623
498,0.498,0.62383711
499,0.499,0.62590465
500,0.5,0.62541105
501,0.501,0.6181933
502,0.502,0.61827712
503,0.503,0.61969273
504,0.504,0.62033534
505,0.505,0.61461702
506,0.506,0.608759
507,0.507,0.61025843
508,0.508,0.61353669
509,0.509,0.6167125
510,0.51,0.61962754
511,0.511,0.62366016
512,0.512,0.62294304
513,0.513,0.61717816
514,0.514,0.61633997
515,0.515,0.62194653
516,0.516,0.62590465
517,0.517,0.62955543
518,0.518,0.62493607
519,0.519,0.62133186
520,0.52,0.61735511
521,0.521,0.61937608
522,0.522,0.62253326
523,0.523,0.62810257
524,0.524,0.62950887
525,0.525,0.62922016
526,0.526,0.62668696
527,0.527,0.62411651
528,0.528,0.62162988
529,0.529,0.62212348
530,0.53,0.62186271
531,0.531,0.62477775
532,0.532,0.62757172
533,0.533,0.62739477
534,0.534,0.6258674
535,0.535,0.62261708
536,0.536,0.62135048
537,0.537,0.62057748
538,0.538,0.61825849
539,0.539,0.6178394
540,0.54,0.61851926
541,0.541,0.61835162
542,0.542,0.61599538
543,0.543,0.61455183
544,0.544,0.61218627
545,0.545,0.60770661
546,0.546,0.60695224
547,0.547,0.60659833
548,0.548,0.60756691
549,0.549,0.60748309
550,0.55,0.6101653
551,0.551,0.60863793
552,0.552,0.60566701
553,0.553,0.60324557
554,0.554,0.601504
555,0.555,0.60190447
556,0.556,0.60173683
557,0.557,0.60296617
558,0.558,0.59899874
559,0.559,0.59440732
560,0.56,0.59118494
561,0.561,0.59414655
562,0.562,0.59830956
563,0.563,0.60021877
564,0.564,0.59534796
565,0.565,0.59249811
566,0.566,0.5931966
567,0.567,0.59701502
568,0.568,0.60191378
569,0.569,0.60359016
570,0.57,0.60183927
571,0.571,0.5998835
572,0.572,0.60218386
573,0.573,0.60660765
574,0.574,0.61019324
575,0.575,0.6116461
576,0.576,0.61175786
577,0.577,0.61058439
578,0.578,0.61298721
579,0.579,0.61373226
580,0.58,0.6171409
581,0.581,0.61565079
582,0.582,0.61774626
583,0.583,0.61632134
584,0.584,0.61783008
585,0.585,0.61968341
586,0.586,0.6244611
587,0.587,0.6282609
588,0.588,0.62934123
589,0.589,0.63217245
590,0.59,0.6327685
591,0.591,0.6334763
592,0.592,0.63682906
593,0.593,0.63763931
594,0.594,0.63769519
595,0.595,0.63746236
596,0.596,0.63634478
597,0.597,0.63521788
598,0.598,0.63386746
599,0.599,0.63392334
600,0.6,0.63740648
601,0.601,0.63534826
602,0.602,0.63393265
603,0.603,0.63057058
604,0.604,0.63057989
605,0.605,0.62864274
606,0.606,0.62552281
607,0.607,0.62336214
608,0.608,0.61949715
609,0.609,0.61275437
610,0.61,0.6091781
611,0.611,0.60405582
612,0.612,0.60127117
613,0.613,0.60063787
614,0.614,0.59590675
615,0.615,0.58842823
616,0.616,0.58612786
617,0.617,0.58555976
618,0.618,0.59559941
619,0.619,0.60088933
620,0.62,0.59884042
621,0.621,0.58938749
622,0.622,0.58365986
623,0.623,0.58524311
624,0.624,0.59353188
625,0.625,0.59927814
626,0.626,0.6018579
627,0.627,0.60111284
628,0.628,0.60060062
629,0.629,0.60429797
630,0.63,0.61117113
631,0.631,0.61925501
632,0.632,0.62204897
633,0.633,0.62292442
634,0.634,0.62423758
635,0.635,0.62744133
636,0.636,0.63731335
637,0.637,0.6435439
638,0.638,0.64059161
639,0.639,0.63428655
640,0.64,0.63148327
641,0.641,0.63133426
642,0.642,0.63676387
643,0.643,0.63987449
644,0.644,0.64100139
645,0.645,0.63496642
646,0.646,0.62840991
647,0.647,0.62188134
648,0.648,0.61883591
649,0.649,0.62280335
650,0.65,0.6224215
651,0.651,0.61925501
652,0.652,0.60886145
653,0.653,0.60242601
654,0.654,0.59865415
655,0.655,0.59958547
656,0.656,0.60012564
657,0.657,0.59662387
658,0.658,0.59048645
659,0.659,0.5884096
660,0.66,0.58788806
661,0.661,0.58603473
662,0.662,0.58781356
663,0.663,0.58659352
664,0.664,0.5903095
665,0.665,0.58974139
666,0.666,0.59205107
667,0.667,0.59549697
668,0.668,0.59726648
669,0.669,0.5993899
670,0.67,0.60017221
671,0.671,0.60456805
672,0.672,0.61281957
673,0.673,0.62085688
674,0.674,0.62330626
675,0.675,0.62237494
676,0.676,0.62162988
677,0.677,0.62390231
678,0.678,0.6262958
679,0.679,0.62931329
680,0.68,0.62778592
681,0.681,0.62849373
682,0.682,0.62673353
683,0.683,0.62590465
684,0.684,0.62593259
685,0.685,0.6298814
686,0.686,0.63481741
687,0.687,0.6386172
688,0.688,0.63790008
689,0.689,0.63253567
690,0.69,0.62999316
691,0.691,0.63014217
692,0.692,0.62747858
693,0.693,0.62836334
694,0.694,0.62832609
695,0.695,0.62743202
696,0.696,0.62449835
697,0.697,0.62416308
698,0.698,0.62413514
699,0.699,0.62491745
700,0.7,0.62519684
701,0.701,0.62180683
702,0.702,0.6189011
703,0.703,0.61818399
704,0.704,0.61628409
705,0.705,0.61373226
706,0.706,0.61514787
707,0.707,0.61681494
708,0.708,0.61638653
709,0.709,0.61218627
710,0.71,0.60507096
711,0.711,0.6013643
712,0.712,0.60212798
713,0.713,0.60346909
714,0.714,0.60476363
715,0.715,0.60350634
716,0.716,0.60219318
717,0.717,0.60196035
718,0.718,0.60311519
719,0.719,0.60385093
720,0.72,0.60651451
721,0.721,0.60603954
722,0.722,0.60668215
723,0.723,0.60508028
724,0.724,0.60244463
725,0.725,0.60455874
726,0.726,0.60617924
727,0.727,0.60781837
728,0.728,0.61132014
729,0.729,0.61214902
730,0.73,0.61282888
731,0.731,0.61287545
732,0.732,0.61473809
733,0.733,0.61350875
734,0.734,0.61699189
735,0.735,0.61813742
736,0.736,0.62158331
737,0.737,0.62217005
738,0.738,0.62205829
739,0.739,0.62240288
740,0.74,0.62325969
741,0.741,0.62093139
742,0.742,0.62606297
743,0.743,0.62637962
744,0.744,0.62399544
745,0.745,0.62529929
746,0.746,0.6241072
747,0.747,0.62573701
748,0.748,0.6278418
749,0.749,0.62733889
750,0.75,0.6260816
751,0.751,0.62089413
752,0.752,0.61940402
753,0.753,0.61667524
754,0.754,0.61649829
755,0.755,0.61701983
756,0.756,0.61990693
757,0.757,0.61713159
758,0.758,0.61589293
759,0.759,0.61001629
760,0.76,0.60743652
761,0.761,0.60683116
762,0.762,0.60759485
763,0.763,0.60952269
764,0.764,0.61084516
765,0.765,0.60924329
766,0.766,0.60561113
767,0.767,0.60704537
768,0.768,0.60589984
769,0.769,0.6050244
770,0.77,0.60591847
771,0.771,0.60890801
772,0.772,0.60952269
773,0.773,0.60729682
774,0.774,0.60498714
775,0.775,0.60359016
776,0.776,0.60225837
777,0.777,0.60522929
778,0.778,0.60914084
779,0.779,0.61044469
780,0.78,0.61363913
781,0.781,0.61272644
782,0.782,0.61358325
783,0.783,0.6131921
784,0.784,0.61501749
785,0.785,0.61494298
786,0.786,0.61761588
787,0.787,0.61955303
788,0.788,0.61694533
789,0.789,0.6146729
790,0.79,0.61484054
791,0.791,0.61685219
792,0.792,0.61771832
793,0.793,0.61799772
794,0.794,0.61707571
795,0.795,0.61715022
796,0.796,0.61573461
797,0.797,0.61725266
798,0.798,0.61539933
799,0.799,0.61786734
800,0.8,0.61698258
801,0.801,0.61536208
802,0.802,0.61534345
803,0.803,0.61563216
804,0.804,0.61522238
805,0.805,0.61640516
806,0.806,0.61568804
807,0.807,0.61674975
808,0.808,0.61443076
809,0.809,0.61254948
810,0.81,0.61372295
811,0.811,0.61139464
812,0.812,0.61063096
813,0.813,0.60990453
814,0.814,0.61181374
815,0.815,0.61063096
816,0.816,0.61111525
817,0.817,0.61071478
818,0.818,0.61035156
819,0.819,0.6117858
820,0.82,0.61400235
821,0.821,0.6116461
822,0.822,0.61133876
823,0.823,0.61165541
824,0.824,0.60996041
825,0.825,0.61185099
826,0.826,0.61322004
827,0.827,0.61223283
828,0.828,0.61050989
829,0.829,0.61381608
830,0.83,0.61022118
831,0.831,0.61170198
832,0.832,0.6138999
833,0.833,0.61301515
834,0.834,0.61384402
835,0.835,0.61182305
836,0.836,0.61270781
837,0.837,0.61582774
838,0.838,0.61479397
839,0.839,0.61698258
840,0.84,0.6148126
841,0.841,0.61421655
842,0.842,0.61212108
843,0.843,0.61096624
844,0.844,0.61063096
845,0.845,0.61151572
846,0.846,0.61336905
847,0.847,0.6129127
848,0.848,0.61447732
849,0.849,0.61407685
850,0.85,0.61799772
851,0.851,0.6149523
852,0.852,0.6155856
853,0.853,0.61322935
854,0.854,0.61347149
855,0.855,0.61374158
856,0.856,0.6141793
857,0.857,0.61350875
858,0.858,0.61383471
859,0.859,0.60966238
860,0.86,0.6116461
861,0.861,0.61086379
862,0.862,0.61278231
863,0.863,0.61214902
864,0.864,0.60982071
865,0.865,0.61088242
866,0.866,0.61243773
867,0.867,0.61148778
868,0.868,0.61090104
869,0.869,0.61090104
870,0.87,0.6129127
871,0.871,0.61141327
872,0.872,0.61294064
873,0.873,0.61438419
874,0.874,0.61690807
875,0.875,0.61575323
876,0.876,0.61535276
877,0.877,0.61533414
878,0.878,0.61159953
879,0.879,0.61289407
880,0.88,0.61242841
881,0.881,0.61330386
882,0.882,0.614319
883,0.883,0.61451457
884,0.884,0.61480328
885,0.885,0.61600469
886,0.886,0.6189663
887,0.887,0.61908737
888,0.888,0.61929226
889,0.889,0.61513856
890,0.89,0.61396509
891,0.891,0.61284751
892,0.892,0.61289407
893,0.893,0.61548315
894,0.894,0.61593018
895,0.895,0.61793253
896,0.896,0.61552972
897,0.897,0.61547384
898,0.898,0.61449595
899,0.899,0.61699189
900,0.9,0.61812811
901,0.901,0.61869621
902,0.902,0.61804429
903,0.903,0.61620958
904,0.904,0.61535276
905,0.905,0.61574392
906,0.906,0.61491504
907,0.907,0.61776489
908,0.908,0.61658211
909,0.909,0.61651692
910,0.91,0.61576255
911,0.911,0.61334111
912,0.912,0.61253086
913,0.913,0.61562285
914,0.914,0.6176997
915,0.915,0.6172806
916,0.916,0.61561354
917,0.917,0.61513856
918,0.918,0.61212108
919,0.919,0.61260536
920,0.92,0.61525032
921,0.921,0.61437488
922,0.922,0.61674975
923,0.923,0.61575323
924,0.924,0.61341561
925,0.925,0.61429106
926,0.926,0.61508268
927,0.927,0.61525032
928,0.928,0.61511993
929,0.929,0.61411411
930,0.93,0.61496161
931,0.931,0.61323866
932,0.932,0.61311759
933,0.933,0.6148126
934,0.934,0.61391853
935,0.935,0.61522238
936,0.936,0.61399303
937,0.937,0.6148126
938,0.938,0.61388128
939,0.939,0.61523169
940,0.94,0.61307102
941,0.941,0.61443076
942,0.942,0.61541796
943,0.943,0.61250292
944,0.944,0.61304308
945,0.945,0.61373226
946,0.946,0.61302446
947,0.947,0.61183237
948,0.948,0.61092898
949,0.949,0.61243773
950,0.95,0.61134808
951,0.951,0.61182305
952,0.952,0.61281957
953,0.953,0.61361119
954,0.954,0.61311759
955,0.955,0.61254948
956,0.956,0.6138254
957,0.957,0.61276369
958,0.958,0.61332248
959,0.959,0.61377883
960,0.96,0.61282888
961,0.961,0.61322004
962,0.962,0.61117113
963,0.963,0.61299652
964,0.964,0.61251223
965,0.965,0.6116461
966,0.966,0.61201863
967,0.967,0.61053783
968,0.968,0.61187893
969,0.969,0.61344355
970,0.97,0.61442144
971,0.971,0.60998835
972,0.972,0.60943887
973,0.973,0.61071478
974,0.974,0.61132945
975,0.975,0.61214902
976,0.976,0.61134808
977,0.977,0.61267056
978,0.978,0.61044469
979,0.979,0.61062165
980,0.98,0.61099418
981,0.981,0.61170198
982,0.982,0.61271712
983,0.983,0.61344355
984,0.984,0.61168335
985,0.985,0.61075203
986,0.986,0.61098486
987,0.987,0.6138254
988,0.988,0.613546
989,0.989,0.61253086
990,0.99,0.61456114
991,0.991,0.61369501
992,0.992,0.61569735
993,0.993,0.61677769
994,0.994,0.61622821
995,0.995,0.61463565
996,0.996,0.61589293
997,0.997,0.61525963
998,0.998,0.61697327
999,0.999,0.61738305
1000,1,0.61606988
1001,1.001,0.6170664
1002,1.002,0.61507337
1003,1.003,0.616787
1004,1.004,0.61597675
1005,1.005,0.61688945
1006,1.006,0.61509199
1007,1.007,0.61597675
1008,1.008,0.61529689
1009,1.009,0.61561354
1010,1.01,0.61500818
1011,1.011,0.61525963
1012,1.012,0.61379746
1013,1.013,0.61267987
1014,1.014,0.61531551
1015,1.015,0.6153807
1016,1.016,0.61575323
1017,1.017,0.61566941
1018,1.018,0.61611645
1019,1.019,0.61803497
1020,1.02,0.61837956
1021,1.021,0.61726198
1022,1.022,0.61652623
1023,1.023,0.61512925
1024,1.024,0.61713159
1025,1.025,0.61518513
1026,1.026,0.61682425
1027,1.027,0.61608851
1028,1.028,0.61808154
1029,1.029,0.61586499
1030,1.03,0.6148126
1031,1.031,0.61528757
1032,1.032,0.6145332
1033,1.033,0.61554834
1034,1.034,0.61371364
1035,1.035,0.61472878
1036,1.036,0.61578117
1037,1.037,0.61596744
1038,1.038,0.6154459
1039,1.039,0.61667524
1040,1.04,0.61437488
1041,1.041,0.61482191
1042,1.042,0.61594881
1043,1.043,0.61491504
1044,1.044,0.61545521
1045,1.045,0.61399303
1046,1.046,0.61549246
1047,1.047,0.6131921
1048,1.048,0.61257742
1049,1.049,0.61510131
1050,1.05,0.61328523
1051,1.051,0.61314553
1052,1.052,0.61376952
1053,1.053,0.61324798
1054,1.054,0.61344355
1055,1.055,0.61394647
1056,1.056,0.61427243
1057,1.057,0.61475672
1058,1.058,0.61375089
1059,1.059,0.61324798
1060,1.06,0.61430968
1061,1.061,0.61500818
1062,1.062,0.61416067
1063,1.063,0.61275437
1064,1.064,0.61370432
1065,1.065,0.61379746
1066,1.066,0.61311759
1067,1.067,0.61386265
1068,1.068,0.61498024
1069,1.069,0.61316416
1070,1.07,0.61462633
1071,1.071,0.61454251
1072,1.072,0.61172992
1073,1.073,0.61366707
1074,1.074,0.61397441
1075,1.075,0.61372295
1076,1.076,0.61351806
1077,1.077,0.61343424
1078,1.078,0.6134063
1079,1.079,0.61337836
1080,1.08,0.6130524
1081,1.081,0.61441213
1082,1.082,0.61342493
1083,1.083,0.6134063
1084,1.084,0.6124191
1085,1.085,0.61205588
1086,1.086,0.61273575
1087,1.087,0.61090104
1088,1.088,0.61216764
1089,1.089,0.61056577
1090,1.09,0.60893595
1091,1.091,0.61045401
1092,1.092,0.61084516
1093,1.093,0.61151572
1094,1.094,0.61200932
1095,1.095,0.61153434
1096,1.096,0.61082654
1097,1.097,0.60983934
1098,1.098,0.61149709
1099,1.099,0.61111525
1100,1.1,0.60927123
1101,1.101,0.61327592
1102,1.102,0.61044469
1103,1.103,0.61172992
1104,1.104,0.6116461
1105,1.105,0.60946681
1106,1.106,0.61114319
1107,1.107,0.61060302
1108,1.108,0.61052851
1109,1.109,0.61111525
1110,1.11,0.61274506
1111,1.111,0.61145984
1112,1.112,0.61114319
1113,1.113,0.61145984
1114,1.114,0.61047263
1115,1.115,0.61091967
1116,1.116,0.61010942
1117,1.117,0.60982071
1118,1.118,0.61109662
1119,1.119,0.61185099
1120,1.12,0.61161816
1121,1.121,0.60923398
1122,1.122,0.61134808
1123,1.123,0.61254017
1124,1.124,0.6126333
1125,1.125,0.61158091
1126,1.126,0.61160885
1127,1.127,0.61283819
1128,1.128,0.61068684
1129,1.129,0.61091036
1130,1.13,0.61144121
1131,1.131,0.61089173
1132,1.132,0.61185099
1133,1.133,0.61145052
1134,1.134,0.61137602
1135,1.135,0.61278231
1136,1.136,0.61134808
1137,1.137,0.61050989
1138,1.138,0.61062165
1139,1.139,0.61114319
1140,1.14,0.61095692
1141,1.141,0.61117113
1142,1.142,0.61254017
1143,1.143,0.61118044
1144,1.144,0.61091036
1145,1.145,0.61194412
1146,1.146,0.61198138
1147,1.147,0.61168335
1148,1.148,0.61184168
1149,1.149,0.61021186
1150,1.15,0.61050989
1151,1.151,0.6102398
1152,1.152,0.61110593
1153,1.153,0.61049126
1154,1.154,0.61139464
1155,1.155,0.61172061
1156,1.156,0.61170198
1157,1.157,0.61132945
1158,1.158,0.61160885
1159,1.159,0.61145052
1160,1.16,0.61057508
1161,1.161,0.610305
1162,1.162,0.61211176
1163,1.163,0.61120838
1164,1.164,0.61070547
1165,1.165,0.61068684
1166,1.166,0.61075203
1167,1.167,0.61042607
1168,1.168,0.61160885
1169,1.169,0.60973689
1170,1.17,0.61106868
1171,1.171,0.61050989
1172,1.172,0.60965307
1173,1.173,0.61031431
1174,1.174,0.61148778
1175,1.175,0.61021186
1176,1.176,0.60879625
1177,1.177,0.61091967
1178,1.178,0.60832128
1179,1.179,0.610305
1180,1.18,0.61128289
1181,1.181,0.61126426
1182,1.182,0.61052851
1183,1.183,0.61233528
1184,1.184,0.61081722
1185,1.185,0.61077066
1186,1.186,0.61105005
1187,1.187,0.61052851
1188,1.188,0.6098114
1189,1.189,0.61053783
1190,1.19,0.61295927
1191,1.191,0.61163679
1192,1.192,0.61047263
1193,1.193,0.61145984
1194,1.194,0.61117113
1195,1.195,0.61124563
1196,1.196,0.61235391
1197,1.197,0.60986727
1198,1.198,0.61257742
1199,1.199,0.61039813
1200,1.2,0.60942955
1201,1.201,0.61072409
1202,1.202,0.61077997
1203,1.203,0.60978346
1204,1.204,0.61191618
1205,1.205,0.61064959
1206,1.206,0.60963444
1207,1.207,0.61022118
1208,1.208,0.61081722
1209,1.209,0.61014667
1210,1.21,0.61089173
1211,1.211,0.60983002
1212,1.212,0.61174855
1213,1.213,0.60926192
1214,1.214,0.60975552
1215,1.215,0.61031431
1216,1.216,0.61132945
1217,1.217,0.6092526
1218,1.218,0.60871243
1219,1.219,0.60867518
1220,1.22,0.61007217
1221,1.221,0.61018392
1222,1.222,0.61061233
1223,1.223,0.6096065
1224,1.224,0.60906634
1225,1.225,0.60920604
1226,1.226,0.61050989
1227,1.227,0.60962513
1228,1.228,0.61119907
1229,1.229,0.61018392
1230,1.23,0.60792081
1231,1.231,0.6098114
1232,1.232,0.60832128
1233,1.233,0.61078928
1234,1.234,0.60760416
1235,1.235,0.6093923
1236,1.236,0.60966238
1237,1.237,0.60766004
1238,1.238,0.60904771
1239,1.239,0.60919672
1240,1.24,0.61041676
1241,1.241,0.61019324
1242,1.242,0.60895458
1243,1.243,0.61047263
1244,1.244,0.60978346
1245,1.245,0.60992315
1246,1.246,0.60966238
1247,1.247,0.60963444
1248,1.248,0.6105192
1249,1.249,0.60753897
1250,1.25,0.60929917
1251,1.251,0.60916878
1252,1.252,0.61018392
1253,1.253,0.60980208
1254,1.254,0.6102398
1255,1.255,0.6091781
1256,1.256,0.60980208
1257,1.257,0.61059371
1258,1.258,0.60920604
1259,1.259,0.60876831
1260,1.26,0.60898252
1261,1.261,0.60946681
1262,1.262,0.60964376
1263,1.263,0.60996972
1264,1.264,0.60942955
1265,1.265,0.61102211
1266,1.266,0.60892664
1267,1.267,0.60780905
1268,1.268,0.60928054
1269,1.269,0.61040744
1270,1.27,0.61037019
1271,1.271,0.60936436
1272,1.272,0.61224215
1273,1.273,0.60873106
1274,1.274,0.60684048
1275,1.275,0.60940161
1276,1.276,0.60841441
1277,1.277,0.60919672
1278,1.278,0.61125495
1279,1.279,0.60945749
1280,1.28,0.60941093
1281,1.281,0.60975552
1282,1.282,0.60975552
1283,1.283,0.60969032
1284,1.284,0.60935505
1285,1.285,0.61077066
1286,1.286,0.61033294
1287,1.287,0.6086193
1288,1.288,0.60931779
1289,1.289,0.60879625
1290,1.29,0.60999766
1291,1.291,0.60966238
1292,1.292,0.60865656
1293,1.293,0.60873106
1294,1.294,0.60943887
1295,1.295,0.60983934
1296,1.296,0.60787424
1297,1.297,0.61015598
1298,1.298,0.60985796
1299,1.299,0.60689636
1300,1.3,0.60704537
1301,1.301,0.60668215
1302,1.302,0.60719438
1303,1.303,0.6085448
1304,1.304,0.60733408
1305,1.305,0.60992315
1306,1.306,0.60782768
1307,1.307,0.60865656
1308,1.308,0.60955994
1309,1.309,0.60902908
1310,1.31,0.60807914
1311,1.311,0.60736202
1312,1.312,0.60729682
1313,1.313,0.6084796
1314,1.314,0.60874037
1315,1.315,0.60834922
1316,1.316,0.60760416
1317,1.317,0.6084051
1318,1.318,0.6078463
1319,1.319,0.60654245
1320,1.32,0.60816295
1321,1.321,0.60909428
1322,1.322,0.6078463
1323,1.323,0.60785562
1324,1.324,0.6076321
1325,1.325,0.60737133
1326,1.326,0.6081257
1327,1.327,0.60703605
1328,1.328,0.60874969
1329,1.329,0.61019324
1330,1.33,0.60694292
1331,1.331,0.60865656
1332,1.332,0.60792081
1333,1.333,0.60900114
1334,1.334,0.60827471
1335,1.335,0.60823746
1336,1.336,0.60762279
1337,1.337,0.60807914
1338,1.338,0.60885213
1339,1.339,0.60823746
1340,1.34,0.60688704
1341,1.341,0.6082654
1342,1.342,0.60774386
1343,1.343,0.60770661
1344,1.344,0.60845166
1345,1.345,0.60932711
1346,1.346,0.60857274
1347,1.347,0.60810708
1348,1.348,0.60851686
1349,1.349,0.60846098
1350,1.35,0.60593709
1351,1.351,0.60778111
1352,1.352,0.60808845
1353,1.353,0.60821883
1354,1.354,0.60880557
1355,1.355,0.60820952
1356,1.356,0.60890801
1357,1.357,0.60871243
1358,1.358,0.60662627
1359,1.359,0.60865656
1360,1.36,0.60766935
1361,1.361,0.60885213
1362,1.362,0.60701743
1363,1.363,0.60841441
1364,1.364,0.60711987
1365,1.365,0.60898252
1366,1.366,0.60760416
1367,1.367,0.60669146
1368,1.368,0.60576946
1369,1.369,0.60776249
1370,1.37,0.60873106
1371,1.371,0.60807914
1372,1.372,0.60643069
1373,1.373,0.60631894
1374,1.374,0.60711056
1375,1.375,0.60748309
1376,1.376,0.60775317
1377,1.377,0.60754828
1378,1.378,0.60607679
1379,1.379,0.606291
1380,1.38,0.60767867
1381,1.381,0.6073527
1382,1.382,0.60850754
1383,1.383,0.60728751
1384,1.384,0.60578808
1385,1.385,0.60711987
1386,1.386,0.60706399
1387,1.387,0.60644932
1388,1.388,0.6058719
1389,1.389,0.6077718
1390,1.39,0.60734339
1391,1.391,0.60684048
1392,1.392,0.60793944
1393,1.393,0.60651451
1394,1.394,0.60801394
1395,1.395,0.60739927
1396,1.396,0.60684048
1397,1.397,0.60589984
1398,1.398,0.60806982
1399,1.399,0.6073527
1400,1.4,0.6077718
1401,1.401,0.60753897
1402,1.402,0.60662627
1403,1.403,0.60718507
1404,1.404,0.60734339
1405,1.405,0.60577877
1406,1.406,0.60835853
1407,1.407,0.60707331
1408,1.408,0.60627237
1409,1.409,0.60605817
1410,1.41,0.60623512
1411,1.411,0.60817227
1412,1.412,0.60838647
1413,1.413,0.60613267
1414,1.414,0.6057322
1415,1.415,0.60726888
1416,1.416,0.60548075
1417,1.417,0.60684979
1418,1.418,0.60525723
1419,1.419,0.60609542
1420,1.42,0.60643069
1421,1.421,0.60521066
1422,1.422,0.6071385
1423,1.423,0.60705468
1424,1.424,0.60785562
1425,1.425,0.60693361
1426,1.426,0.60576014
1427,1.427,0.60616992
1428,1.428,0.60569495
1429,1.429,0.60608611
1430,1.43,0.60547143
1431,1.431,0.60399063
1432,1.432,0.60593709
1433,1.433,0.60756691
1434,1.434,0.60553662
1435,1.435,0.60756691
1436,1.436,0.60693361
1437,1.437,0.60562976
1438,1.438,0.60535967
1439,1.439,0.60761347
1440,1.44,0.60651451
1441,1.441,0.60486607
1442,1.442,0.60663559
1443,1.443,0.60633756
1444,1.444,0.6062258
1445,1.445,0.60793944
1446,1.446,0.60528517
1447,1.447,0.6055925
1448,1.448,0.60751103
1449,1.449,0.60669146
1450,1.45,0.60732476
1451,1.451,0.60638413
1452,1.452,0.60637482
1453,1.453,0.60704537
1454,1.454,0.60623512
1455,1.455,0.60544349
1456,1.456,0.60626306
1457,1.457,0.60513616
1458,1.458,0.60585327
1459,1.459,0.60655177
1460,1.46,0.60765073
1461,1.461,0.60644932
1462,1.462,0.60562976
1463,1.463,0.60594641
1464,1.464,0.60703605
1465,1.465,0.60512684
1466,1.466,0.60658902
1467,1.467,0.60542487
1468,1.468,0.60714781
1469,1.469,0.60463324
1470,1.47,0.60508028
1471,1.471,0.60608611
1472,1.472,0.60521998
1473,1.473,0.60581602
1474,1.474,0.6062258
1475,1.475,0.60575083
1476,1.476,0.60503371
1477,1.477,0.60539693
1478,1.478,0.60623512
1479,1.479,0.60530379
1480,1.48,0.6050244
1481,1.481,0.60548075
1482,1.482,0.60467049
1483,1.483,0.60514547
1484,1.484,0.60677528
1485,1.485,0.60616061
1486,1.486,0.60510822
1487,1.487,0.60478225
1488,1.488,0.60508028
1489,1.489,0.606291
1490,1.49,0.60568564
1491,1.491,0.60497783
1492,1.492,0.60687773
1493,1.493,0.60507096
1494,1.494,0.60501508
1495,1.495,0.60483813
1496,1.496,0.60568564
1497,1.497,0.60581602
1498,1.498,0.60606748
1499,1.499,0.60563907
1500,1.5,0.60503371
1501,1.501,0.60471706
1502,1.502,0.60738064
1503,1.503,0.60556456
1504,1.504,0.60448423
1505,1.505,0.60512684
1506,1.506,0.60535036
1507,1.507,0.60628168
1508,1.508,0.60440972
1509,1.509,0.60372055
1510,1.51,0.60455874
1511,1.511,0.60609542
1512,1.512,0.60610473
1513,1.513,0.60481951
1514,1.514,0.60530379
1515,1.515,0.60628168
1516,1.516,0.60525723
1517,1.517,0.60560182
1518,1.518,0.60512684
1519,1.519,0.60561113
1520,1.52,0.60619786
1521,1.521,0.60484745
1522,1.522,0.60498714
1523,1.523,0.60481019
1524,1.524,0.60546212
1525,1.525,0.60491264
1526,1.526,0.60427934
1527,1.527,0.60538761
1528,1.528,0.60448423
1529,1.529,0.60494058
1530,1.53,0.60631894
1531,1.531,0.60555525
1532,1.532,0.60624443
1533,1.533,0.60655177
1534,1.534,0.60583465
1535,1.535,0.60443766
1536,1.536,0.60485676
1537,1.537,0.60308725
1538,1.538,0.60450286
1539,1.539,0.6055925
1540,1.54,0.60479157
1541,1.541,0.60422346
1542,1.542,0.60608611
1543,1.543,0.60560182
1544,1.544,0.60351565
1545,1.545,0.60606748
1546,1.546,0.60412101
1547,1.547,0.60496852
1548,1.548,0.60373917
1549,1.549,0.60366467
1550,1.55,0.60504302
1551,1.551,0.60484745
1552,1.552,0.60497783
1553,1.553,0.60279854
1554,1.554,0.60480088
1555,1.555,0.60351565
1556,1.556,0.60237944
1557,1.557,0.60462393
1558,1.558,0.60464256
1559,1.559,0.60360879
1560,1.56,0.60508959
1561,1.561,0.60386024
1562,1.562,0.60578808
1563,1.563,0.60491264
1564,1.564,0.60356222
1565,1.565,0.60461462
1566,1.566,0.60345046
1567,1.567,0.60454011
1568,1.568,0.60384162
1569,1.569,0.60566701
1570,1.57,0.60530379
1571,1.571,0.60426071
1572,1.572,0.60464256
1573,1.573,0.60368329
1574,1.574,0.60350634
1575,1.575,0.60295686
1576,1.576,0.6053783
1577,1.577,0.60421415
1578,1.578,0.6041117
1579,1.579,0.60372055
1580,1.58,0.60335733
1581,1.581,0.60324557
1582,1.582,0.6027706
1583,1.583,0.60357153
1584,1.584,0.60285442
1585,1.585,0.60624443
1586,1.586,0.61336905
1587,1.587,0.61996281
1588,1.588,0.628056
1589,1.589,0.6339699
1590,1.59,0.63738786
1591,1.591,0.64262189
1592,1.592,0.64380467
1593,1.593,0.64533204
1594,1.594,0.64724125
1595,1.595,0.65025873
1596,1.596,0.6493181
1597,1.597,0.64776279
1598,1.598,0.64810738
1599,1.599,0.64598396
1600,1.6,0.64506195
1601,1.601,0.6450247
1602,1.602,0.64605847
1603,1.603,0.64296648
1604,1.604,0.64017251
1605,1.605,0.6407313
1606,1.606,0.63613057
1607,1.607,0.63480809
1608,1.608,0.63217245
1609,1.609,0.63138083
1610,1.61,0.62752515
1611,1.611,0.62618405
1612,1.612,0.62267296
1613,1.613,0.62064268
1614,1.614,0.61732717
1615,1.615,0.61539933
1616,1.616,0.61258674
1617,1.617,0.60992315
1618,1.618,0.6082654
1619,1.619,0.60562044
1620,1.62,0.60290098
1621,1.621,0.60224906
1622,1.622,0.60176477
1623,1.623,0.60109422
1624,1.624,0.60109422
1625,1.625,0.60017221
1626,1.626,0.60131773
1627,1.627,0.60276128
1628,1.628,0.60169958
1629,1.629,0.60476363
1630,1.63,0.60223043
1631,1.631,0.60373917
1632,1.632,0.60241669
1633,1.633,0.60330145
1634,1.634,0.60209073
1635,1.635,0.60319901
1636,1.636,0.60379505
1637,1.637,0.60307793
1638,1.638,0.60396269
1639,1.639,0.60237944
1640,1.64,0.60343184
1641,1.641,0.60396269
1642,1.642,0.60363673
1643,1.643,0.60427934
1644,1.644,0.60429797
1645,1.645,0.60459599
1646,1.646,0.6037578
1647,1.647,0.60374849
1648,1.648,0.60454942
1649,1.649,0.60610473
1650,1.65,0.60395338
1651,1.651,0.60490333
1652,1.652,0.60328282
1653,1.653,0.6057974
1654,1.654,0.60634688
1655,1.655,0.60486607
1656,1.656,0.60535967
1657,1.657,0.60467049
1658,1.658,0.60544349
1659,1.659,0.60545281
1660,1.66,0.60566701
1661,1.661,0.60637482
1662,1.662,0.60553662
1663,1.663,0.60609542
1664,1.664,0.60549937
1665,1.665,0.6055925
1666,1.666,0.60698949
1667,1.667,0.60586259
1668,1.668,0.60675666
1669,1.669,0.6067846
1670,1.67,0.60595572
1671,1.671,0.60404651
1672,1.672,0.60703605
1673,1.673,0.60668215
1674,1.674,0.60561113
1675,1.675,0.60646795
1676,1.676,0.60549006
1677,1.677,0.60540624
1678,1.678,0.60469843
1679,1.679,0.60561113
1680,1.68,0.60632825
1681,1.681,0.60577877
1682,1.682,0.60659833
1683,1.683,0.60583465
1684,1.684,0.60574152
1685,1.685,0.60494058
1686,1.686,0.6071385
1687,1.687,0.60556456
1688,1.688,0.60569495
1689,1.689,0.60557388
1690,1.69,0.60644001
1691,1.691,0.60533173
1692,1.692,0.6037578
1693,1.693,0.60494058
1694,1.694,0.60501508
1695,1.695,0.60464256
1696,1.696,0.60645863
1697,1.697,0.60345978
1698,1.698,0.60522929
1699,1.699,0.60697086
1700,1.7,0.60635619
1701,1.701,0.60541555
1702,1.702,0.60548075
1703,1.703,0.60480088
1704,1.704,0.60501508
1705,1.705,0.60527585
1706,1.706,0.60549937
1707,1.707,0.60533173
1708,1.708,0.60505234
1709,1.709,0.6037578
1710,1.71,0.60602091
1711,1.711,0.60526654
1712,1.712,0.60589984
1713,1.713,0.60430728
1714,1.714,0.60704537
1715,1.715,0.60514547
1716,1.716,0.60529448
1717,1.717,0.60520135
1718,1.718,0.6057974
1719,1.719,0.60679391
1720,1.72,0.60357153
1721,1.721,0.60542487
1722,1.722,0.60681254
1723,1.723,0.60772523
1724,1.724,0.60449354
1725,1.725,0.60542487
1726,1.726,0.60506165
1727,1.727,0.60496852
1728,1.728,0.60457736
1729,1.729,0.60732476
1730,1.73,0.60543418
1731,1.731,0.60503371
1732,1.732,0.60563907
1733,1.733,0.60703605
1734,1.734,0.60534105
1735,1.735,0.60603954
1736,1.736,0.60343184
1737,1.737,0.60606748
1738,1.738,0.60496852
1739,1.739,0.60613267
1740,1.74,0.60514547
1741,1.741,0.60600229
1742,1.742,0.60676597
1743,1.743,0.60522929
1744,1.744,0.60543418
1745,1.745,0.60595572
1746,1.746,0.60405582
1747,1.747,0.60576014
1748,1.748,0.60567632
1749,1.749,0.60485676
1750,1.75,0.6057974
1751,1.751,0.60494058
1752,1.752,0.60466118
1753,1.753,0.60557388
1754,1.754,0.60444698
1755,1.755,0.60556456
1756,1.756,0.60545281
1757,1.757,0.60447492
1758,1.758,0.60521998
1759,1.759,0.60398132
1760,1.76,0.60538761
1761,1.761,0.60550869
1762,1.762,0.603972
1763,1.763,0.60648657
1764,1.764,0.60592778
1765,1.765,0.60467981
1766,1.766,0.60634688
1767,1.767,0.60296617
1768,1.768,0.6061513
1769,1.769,0.60484745
1770,1.77,0.60688704
1771,1.771,0.60427934
1772,1.772,0.60505234
1773,1.773,0.60583465
1774,1.774,0.60367398
1775,1.775,0.60553662
1776,1.776,0.60443766
1777,1.777,0.60575083
1778,1.778,0.60542487
1779,1.779,0.60566701
1780,1.78,0.60561113
1781,1.781,0.60505234
1782,1.782,0.60534105
1783,1.783,0.60470775
1784,1.784,0.60640275
1785,1.785,0.60436316
1786,1.786,0.60434453
1787,1.787,0.60522929
1788,1.788,0.60445629
1789,1.789,0.6057974
1790,1.79,0.60532242
1791,1.791,0.60580671
1792,1.792,0.60602091
1793,1.793,0.60428865
1794,1.794,0.60468912
1795,1.795,0.60503371
1796,1.796,0.60426071
1797,1.797,0.60414895
1798,1.798,0.60399994
1799,1.799,0.60437247
1800,1.8,0.60567632
1801,1.801,0.60440972
1802,1.802,0.60578808
1803,1.803,0.60339458
1804,1.804,0.6052386
1805,1.805,0.6049592
1806,1.806,0.60356222
1807,1.807,0.60377643
1808,1.808,0.60482882
1809,1.809,0.60408376
1810,1.81,0.60491264
1811,1.811,0.60391612
1812,1.812,0.60508959
1813,1.813,0.60505234
1814,1.814,0.6038975
1815,1.815,0.60387887
1816,1.816,0.60378574
1817,1.817,0.60512684
1818,1.818,0.60325488
1819,1.819,0.60459599
1820,1.82,0.60410239
1821,1.821,0.60328282
1822,1.822,0.60533173
1823,1.823,0.60309656
1824,1.824,0.60407445
1825,1.825,0.6041117
1826,1.826,0.60456805
1827,1.827,0.6040372
1828,1.828,0.60390681
1829,1.829,0.6050989
1830,1.83,0.60310587
1831,1.831,0.60366467
1832,1.832,0.60308725
1833,1.833,0.60304999
1834,1.834,0.60463324
1835,1.835,0.60540624
1836,1.836,0.60387887
1837,1.837,0.60328282
1838,1.838,0.6040372
1839,1.839,0.60504302
1840,1.84,0.60309656
1841,1.841,0.60271472
1842,1.842,0.60345046